101,first_name1,last_name1,4580-1234-1234-0101
102,first_name2,last_name2,4580-1234-1234-0102
103,first_name3,last_name3,4580-1234-1234-0103
104,first_name4,last_name4,4580-1234-1234-0104
105,first_name5,last_name5,4580-1234-1234-0105
106,first_name6,last_name6,4580-1234-1234-0106
107,first_name7,last_name7,4580-1234-1234-0107
108,first_name8,last_name8,4580-1234-1234-0108
109,first_name9,last_name9,4580-1234-1234-0109
110,first_name10,last_name10,4580-1234-1234-0110
111,first_name11,last_name11,4580-1234-1234-0111
112,first_name12,last_name12,4580-1234-1234-0112
113,first_name13,last_name13,4580-1234-1234-0113
114,first_name14,last_name14,4580-1234-1234-0114
115,first_name15,last_name15,4580-1234-1234-0115
116,first_name16,last_name16,4580-1234-1234-0116
117,first_name17,last_name17,4580-1234-1234-0117
118,first_name18,last_name18,4580-1234-1234-0118
119,first_name19,last_name19,4580-1234-1234-0119
120,first_name20,last_name20,4580-1234-1234-0120
121,first_name21,last_name21,4580-1234-1234-0121
122,first_name22,last_name22,4580-1234-1234-0122
123,first_name23,last_name23,4580-1234-1234-0123
124,first_name24,last_name24,4580-1234-1234-0124
125,first_name25,last_name25,4580-1234-1234-0125
126,first_name26,last_name26,4580-1234-1234-0126
127,first_name27,last_name27,4580-1234-1234-0127
128,first_name28,last_name28,4580-1234-1234-0128
129,first_name29,last_name29,4580-1234-1234-0129
130,first_name30,last_name30,4580-1234-1234-0130
131,first_name31,last_name31,4580-1234-1234-0131
132,first_name32,last_name32,4580-1234-1234-0132
133,first_name33,last_name33,4580-1234-1234-0133
134,first_name34,last_name34,4580-1234-1234-0134
135,first_name35,last_name35,4580-1234-1234-0135
136,first_name36,last_name36,4580-1234-1234-0136
137,first_name37,last_name37,4580-1234-1234-0137
138,first_name38,last_name38,4580-1234-1234-0138
139,first_name39,last_name39,4580-1234-1234-0139
140,first_name40,last_name40,4580-1234-1234-0140
141,first_name41,last_name41,4580-1234-1234-0141
142,first_name42,last_name42,4580-1234-1234-0142
143,first_name43,last_name43,4580-1234-1234-0143
144,first_name44,last_name44,4580-1234-1234-0144
145,first_name45,last_name45,4580-1234-1234-0145
146,first_name46,last_name46,4580-1234-1234-0146
147,first_name47,last_name47,4580-1234-1234-0147
148,first_name48,last_name48,4580-1234-1234-0148
149,first_name49,last_name49,4580-1234-1234-0149
150,first_name50,last_name50,4580-1234-1234-0150
151,first_name51,last_name51,4580-1234-1234-0151
152,first_name52,last_name52,4580-1234-1234-0152
153,first_name53,last_name53,4580-1234-1234-0153
154,first_name54,last_name54,4580-1234-1234-0154
155,first_name55,last_name55,4580-1234-1234-0155
156,first_name56,last_name56,4580-1234-1234-0156
157,first_name57,last_name57,4580-1234-1234-0157
158,first_name58,last_name58,4580-1234-1234-0158
159,first_name59,last_name59,4580-1234-1234-0159
160,first_name60,last_name60,4580-1234-1234-0160
161,first_name61,last_name61,4580-1234-1234-0161
162,first_name62,last_name62,4580-1234-1234-0162
163,first_name63,last_name63,4580-1234-1234-0163
164,first_name64,last_name64,4580-1234-1234-0164
165,first_name65,last_name65,4580-1234-1234-0165
166,first_name66,last_name66,4580-1234-1234-0166
167,first_name67,last_name67,4580-1234-1234-0167
168,first_name68,last_name68,4580-1234-1234-0168
169,first_name69,last_name69,4580-1234-1234-0169
170,first_name70,last_name70,4580-1234-1234-0170
171,first_name71,last_name71,4580-1234-1234-0171
172,first_name72,last_name72,4580-1234-1234-0172
173,first_name73,last_name73,4580-1234-1234-0173
174,first_name74,last_name74,4580-1234-1234-0174
175,first_name75,last_name75,4580-1234-1234-0175
176,first_name76,last_name76,4580-1234-1234-0176
177,first_name77,last_name77,4580-1234-1234-0177
178,first_name78,last_name78,4580-1234-1234-0178
179,first_name79,last_name79,4580-1234-1234-0179
180,first_name80,last_name80,4580-1234-1234-0180
181,first_name81,last_name81,4580-1234-1234-0181
182,first_name82,last_name82,4580-1234-1234-0182
183,first_name83,last_name83,4580-1234-1234-0183
184,first_name84,last_name84,4580-1234-1234-0184
185,first_name85,last_name85,4580-1234-1234-0185
186,first_name86,last_name86,4580-1234-1234-0186
187,first_name87,last_name87,4580-1234-1234-0187
188,first_name88,last_name88,4580-1234-1234-0188
189,first_name89,last_name89,4580-1234-1234-0189
190,first_name90,last_name90,4580-1234-1234-0190
191,first_name91,last_name91,4580-1234-1234-0191
192,first_name92,last_name92,4580-1234-1234-0192
193,first_name93,last_name93,4580-1234-1234-0193
194,first_name94,last_name94,4580-1234-1234-0194
195,first_name95,last_name95,4580-1234-1234-0195
196,first_name96,last_name96,4580-1234-1234-0196
197,first_name97,last_name97,4580-1234-1234-0197
198,first_name98,last_name98,4580-1234-1234-0198
199,first_name99,last_name99,4580-1234-1234-0199
200,first_name100,last_name100,4580-1234-1234-0200
